,City Name,Country,Longitude,Latitude,Max Temperature,Humidity,Cloudiness,Wind Speed,Date
0,Ushuaia,AR,-68.3,-54.8,51.8,32,75,18.34,1605281251
1,Chaiya,TH,99.2,9.39,82.99,100,40,12.15,1605281251
2,Zheshart,RU,49.57,62.07,16.09,95,0,2.71,1605281251
3,Punta Arenas,CL,-70.92,-53.15,53.6,34,75,28.86,1605281041
4,Isabela,PH,121.97,6.71,77.0,94,20,1.12,1605281252
5,East London,ZA,27.91,-33.02,77.0,69,0,18.34,1605281252
6,El Salvador,SV,-88.92,13.83,84.2,83,0,6.93,1605281154
7,Asău,RO,26.4,46.43,42.01,84,100,1.86,1605281252
8,Beloha,MG,45.05,-25.17,70.36,62,3,13.18,1605281252
9,Dickinson,US,-95.05,29.46,73.99,88,75,9.17,1605281252
10,Yellowknife,CA,-114.35,62.46,10.4,92,90,9.17,1605281100
11,Jamestown,US,-79.24,42.1,42.01,80,90,6.93,1605280994
12,Hilo,US,-155.09,19.73,69.8,77,75,8.05,1605281253
13,Madang,PG,145.8,-5.22,78.04,84,100,1.25,1605281253
14,Esil,KZ,66.4,51.96,26.47,90,100,16.73,1605281253
15,Cabo San Lucas,MX,-109.91,22.89,68.0,76,97,1.01,1605281073
16,Aksu,CN,80.26,41.12,41.04,50,100,3.06,1605281253
17,Beringovskiy,RU,179.32,63.05,27.23,95,100,27.54,1605281253
18,Praia,CV,-23.51,14.92,93.2,26,0,12.75,1605281101
19,Mataura,NZ,168.86,-46.19,51.35,63,77,6.85,1605281254
20,Bredasdorp,ZA,20.04,-34.53,71.6,60,96,18.34,1605281254
21,Lata,PT,-8.33,40.16,71.01,66,100,1.01,1605281254
22,Nishihara,JP,127.76,26.18,71.6,72,20,8.05,1605281104
23,Hong Kong,HK,114.16,22.29,73.0,72,100,15.86,1605280953
24,Leningradskiy,RU,178.42,69.38,10.96,94,99,14.47,1605281105
25,Kruisfontein,ZA,24.73,-34.0,84.99,51,13,5.01,1605281105
26,Qaanaaq,GL,-69.36,77.48,2.25,74,91,7.14,1605281105
27,Aswān,EG,32.91,24.09,78.4,21,0,9.4,1605281106
28,Arraial do Cabo,BR,-42.03,-22.97,84.2,70,40,6.93,1605281106
29,Ust-Maya,RU,134.53,60.42,19.4,97,100,5.14,1605281106
30,Hithadhoo,MV,73.08,-0.6,82.47,79,100,19.66,1605281106
31,Pacific Grove,US,-121.92,36.62,44.6,75,1,3.36,1605280874
32,Rolla,US,-91.77,37.95,36.0,74,1,6.93,1605281106
33,Sabang,ID,95.32,5.89,82.47,79,99,8.16,1605281106
34,Olbia,IT,9.49,40.92,64.4,82,40,5.82,1605281107
35,Akdepe,TM,59.38,42.06,41.0,55,0,4.7,1605281107
36,Hoogstraten,BE,4.76,51.4,55.99,92,80,5.01,1605281107
37,Rikitea,PF,-134.97,-23.12,73.65,82,54,15.59,1605281107
38,Port Elizabeth,ZA,25.57,-33.92,73.4,69,0,16.11,1605281107
39,Hobart,AU,147.33,-42.88,55.4,93,75,3.36,1605281018
40,Yerbogachën,RU,108.01,61.28,17.62,97,100,6.58,1605281108
41,Vallenar,CL,-70.76,-28.57,72.59,36,99,7.78,1605281108
42,Caucayá,CO,-74.78,-0.19,89.42,52,84,0.47,1605281108
43,Hay River,CA,-115.8,60.82,19.4,100,93,4.7,1605281108
44,Faanui,PF,-151.75,-16.48,78.96,75,0,7.4,1605281109
45,Aitape,PG,142.35,-3.14,78.58,83,73,2.93,1605281109
46,Chokurdakh,RU,147.92,70.63,-13.52,90,1,4.74,1605281109
47,Provincia di Ancona,IT,13.17,43.55,59.0,100,0,3.36,1605280931
48,Belmonte,BR,-38.88,-15.86,84.2,74,20,11.41,1605281110
49,New Norfolk,AU,147.06,-42.78,55.4,93,75,3.36,1605281110
50,Boralday,KZ,76.86,43.36,28.4,86,20,2.24,1605281110
51,Morros,BR,-46.3,-9.45,91.6,38,7,5.82,1605281096
52,Cape Town,ZA,18.42,-33.93,79.0,64,0,17.22,1605281090
53,Castro,BR,-50.01,-24.79,76.69,61,93,5.86,1605281110
54,Agüimes,ES,-15.45,27.91,77.0,41,0,4.7,1605281110
55,Mount Gambier,AU,140.77,-37.83,51.8,100,90,4.7,1605281111
56,Nome,US,-165.41,64.5,24.8,79,90,5.82,1605281111
57,Waingapu,ID,120.26,-9.66,82.09,75,9,1.3,1605281111
58,Bluff,NZ,168.33,-46.6,54.1,70,94,16.73,1605281111
59,Huanren,CN,125.37,41.26,34.93,79,3,1.32,1605281111
60,Laguna,US,-121.42,38.42,48.2,61,90,8.05,1605281112
61,Presidencia Roque Sáenz Peña,AR,-60.44,-26.79,91.0,38,38,4.0,1605281112
62,Atuona,PF,-139.03,-9.8,76.86,78,76,16.55,1605281112
63,Port Blair,IN,92.75,11.67,82.13,83,100,15.86,1605281112
64,Albany,US,-73.97,42.6,42.01,83,100,5.28,1605281102
65,Torbay,CA,-52.73,47.67,45.0,75,75,14.99,1605281112
66,Pevek,RU,170.31,69.7,8.91,96,100,3.47,1605281113
67,Husavik,IS,-17.34,66.04,28.4,100,0,7.23,1605281113
68,Niono,ML,-5.99,14.25,94.84,10,0,13.62,1605281113
69,Cherskiy,RU,161.3,68.75,-7.37,91,88,5.5,1605281113
70,Coyhaique,CL,-72.07,-45.58,53.6,71,75,3.36,1605281113
71,Bengkulu,ID,102.27,-3.8,78.1,89,100,4.56,1605281113
72,Jaguaruna,BR,-49.03,-28.61,77.83,70,25,7.0,1605280987
73,Ngorongoro,TZ,35.49,-3.24,63.14,77,66,5.17,1605281114
74,Lake City,US,-82.64,30.19,70.0,88,90,4.7,1605281114
75,Bambous Virieux,MU,57.76,-20.34,77.0,83,20,4.7,1605281114
76,Boffa,GN,-14.03,10.17,92.53,33,10,3.49,1605281114
77,Sakakah,SA,40.21,29.97,71.6,35,0,4.7,1605281114
78,Ahipara,NZ,173.17,-35.17,54.95,87,2,1.1,1605281114
79,Manching,DE,11.49,48.72,53.6,71,55,2.24,1605281115
80,Butaritari,KI,172.79,3.07,80.55,72,38,11.52,1605281115
81,Kochevo,RU,54.31,59.6,12.88,96,61,5.03,1605281115
82,Béjar,ES,-5.76,40.39,57.0,72,100,4.14,1605281115
83,Sitka,US,-135.33,57.05,37.4,83,40,6.93,1605281115
84,Chui,UY,-53.46,-33.7,73.24,69,82,8.77,1605281115
85,Kahului,US,-156.47,20.89,73.4,73,1,16.11,1605281115
86,Nālūt,LY,10.85,30.33,70.21,30,78,3.98,1605281116
87,Carnarvon,AU,113.63,-24.87,69.8,83,40,10.29,1605281116
88,Cockburn Town,TC,-71.14,21.46,81.36,77,70,21.99,1605281116
89,Salalah,OM,54.09,17.02,82.4,61,0,3.36,1605281116
90,Vaini,TO,-175.2,-21.2,75.2,94,40,4.7,1605281116
91,Champerico,GT,-91.92,14.3,84.2,66,0,3.83,1605281116
92,Avarua,CK,-159.78,-21.21,75.2,78,95,8.05,1605281117
93,Tiksi,RU,128.87,71.69,-3.1,93,99,2.57,1605281117
94,Barrow,US,-156.79,71.29,10.4,78,90,4.7,1605281070
95,Ponta do Sol,PT,-17.1,32.67,73.4,78,40,20.8,1605281117
96,Cidreira,BR,-50.21,-30.18,72.36,86,29,9.04,1605281117
97,Toora-Khem,RU,96.11,52.47,19.81,93,95,1.25,1605281117
98,Adeje,ES,-16.73,28.12,80.01,44,20,8.05,1605281118
99,Garoowe,SO,48.48,8.41,86.31,29,0,2.59,1605281118
100,Yomou,GN,-9.27,7.56,89.56,28,0,5.28,1605281118
101,Grand-Santi,GF,-54.38,4.25,93.07,47,70,3.06,1605281118
102,Puerto Ayora,EC,-90.35,-0.74,73.4,73,75,20.8,1605281118
103,Nyzy,UA,34.78,50.78,32.83,87,100,3.65,1605281118
104,Port Alfred,ZA,26.89,-33.59,79.16,64,0,23.44,1605281118
105,Zelenets,RU,50.75,61.88,21.2,73,90,4.47,1605281118
106,Port Shepstone,ZA,30.45,-30.74,72.43,81,9,23.51,1605281119
107,Barra de Tecoanapa,MX,-98.75,16.52,82.53,68,0,1.23,1605281119
108,Lorengau,PG,147.27,-2.02,82.63,73,68,3.38,1605281119
109,Iglesias,IT,8.54,39.31,71.6,73,20,8.05,1605281119
110,High Rock,BS,-78.28,26.62,82.4,83,75,5.82,1605281119
111,Bealanana,MG,48.73,-14.55,69.42,80,58,2.98,1605281119
112,Novi Sanzhary,UA,34.31,49.34,35.69,78,96,4.43,1605281119
113,Iqaluit,CA,-68.51,63.75,14.0,66,90,3.36,1605281120
114,Mīzan Teferī,ET,35.58,6.98,67.6,84,17,0.89,1605281120
115,Leh,IN,77.58,34.17,34.95,55,75,1.43,1605281120
116,Prado,BR,-39.22,-17.34,80.85,70,68,14.5,1605281120
117,Saint-Joseph,RE,55.62,-21.37,78.8,74,20,6.93,1605281120
118,Araouane,ML,-3.53,18.9,89.24,12,0,8.81,1605281120
119,Camacha,PT,-16.33,33.08,71.6,83,20,14.99,1605281121
120,Thompson,CA,-97.86,55.74,3.2,84,90,5.82,1605281121
121,Kavaratti,IN,72.64,10.57,83.14,77,1,7.99,1605281121
122,Chicama,PE,-79.15,-7.84,64.4,82,75,13.87,1605281121
123,Pisco,PE,-76.22,-13.7,68.0,72,20,9.17,1605281121
124,Lebu,CL,-73.65,-37.62,57.96,80,10,7.25,1605281122
125,Lompoc,US,-120.46,34.64,41.0,93,1,5.32,1605281094
126,Tuktoyaktuk,CA,-133.04,69.45,1.4,84,90,11.41,1605281122
127,Busselton,AU,115.33,-33.65,55.0,81,10,5.91,1605281122
128,Magog,CA,-72.15,45.27,32.0,65,100,3.36,1605280891
129,Dikson,RU,80.55,73.51,-1.12,93,36,5.32,1605281122
130,Shimoda,JP,138.95,34.67,53.01,80,1,4.47,1605281122
131,Urusha,RU,122.9,54.05,15.93,95,81,1.77,1605281122
132,Coolum Beach,AU,153.1,-26.53,71.01,85,31,4.0,1605281123
133,Bethel,US,-73.41,41.37,45.0,93,90,4.7,1605281123
134,Mednogorsk,RU,57.59,51.41,20.71,96,92,9.22,1605281123
135,Trairi,BR,-39.27,-3.28,89.29,48,18,16.4,1605281123
136,Nanortalik,GL,-45.24,60.14,30.56,88,98,5.03,1605281123
137,Hermanus,ZA,19.23,-34.42,68.0,75,99,4.0,1605281123
138,Saint George,US,-113.58,37.1,35.6,55,1,2.77,1605281123
139,Manaus,BR,-60.02,-3.1,84.2,70,75,3.36,1605280917
140,Mar del Plata,AR,-57.56,-38.0,71.6,68,75,13.87,1605280930
141,Campbell River,CA,-125.24,50.02,39.99,100,90,3.36,1605281124
142,Yei,SS,30.68,4.09,76.01,84,78,1.92,1605281124
143,Sheboygan,US,-87.93,43.73,28.99,68,90,14.99,1605281124
144,Dunedin,NZ,170.5,-45.87,57.99,63,41,5.01,1605281124
145,Aykhal,RU,111.5,66.0,8.6,92,90,4.47,1605281124
146,Ulladulla,AU,150.47,-35.35,60.8,100,75,5.82,1605281125
147,La Macarena,CO,-73.78,2.18,88.18,59,98,1.68,1605281125
148,Samaná,DO,-69.34,19.21,82.4,83,40,11.41,1605280977
149,Tautira,PF,-149.15,-17.73,75.2,83,20,8.05,1605281125
150,Katsuura,JP,140.3,35.13,57.2,62,0,8.05,1605281125
151,Kathu,TH,98.33,7.92,84.99,88,40,5.82,1605281125
152,Ostrovnoy,RU,39.51,68.05,33.06,94,100,14.03,1605281125
153,Namatanai,PG,152.43,-3.67,79.97,79,71,3.96,1605281126
154,Kushima,JP,131.23,31.46,59.31,64,17,8.05,1605281126
155,Saint Paul Harbor,US,-152.41,57.79,37.4,44,1,13.87,1605281126
156,Siverek,TR,39.32,37.76,55.4,38,0,6.93,1605281126
157,Raja,SS,25.68,8.46,91.24,23,2,5.26,1605281126
158,Mwingi,KE,38.06,-0.93,73.42,74,1,4.74,1605281126
159,Severo-Yeniseyskiy,RU,93.04,60.37,11.37,96,91,9.06,1605281127
160,Kenai,US,-151.26,60.55,33.8,88,90,1.74,1605280873
161,Kapaa,US,-159.32,22.08,77.0,83,90,17.22,1605281070
162,Westport,US,-73.36,41.14,46.99,93,90,11.41,1605280867
163,Souillac,MU,57.52,-20.52,75.2,83,20,4.7,1605281127
164,Saint-Philippe,RE,55.77,-21.36,78.8,74,20,6.93,1605281127
165,Uarini,BR,-65.11,-2.99,75.2,94,75,2.24,1605281127
166,Dalby,AU,151.27,-27.18,68.0,72,0,1.01,1605281128
167,Constitución,CL,-72.42,-35.33,62.46,63,92,5.26,1605281128
168,Belyy Yar,RU,91.39,53.6,19.4,73,1,4.47,1605281128
169,Vila Velha,BR,-40.29,-20.33,82.4,65,0,6.93,1605281128
170,College,US,-147.8,64.86,12.2,78,90,3.36,1605281128
171,Esperance,AU,121.9,-33.87,55.4,100,90,6.93,1605281129
172,Batagay-Alyta,RU,130.41,67.8,-7.04,88,100,2.15,1605281129
173,Tombouctou,ML,-3.0,20.0,89.33,12,0,8.81,1605281129
174,Meadow Lake,US,-106.54,34.8,39.99,37,1,4.45,1605281129
175,Korgen,NO,13.82,66.08,37.4,69,0,8.05,1605281129
176,Carutapera,BR,-46.02,-1.2,88.07,60,52,9.86,1605281129
177,Airai,TL,125.41,-8.93,62.89,97,15,1.54,1605281129
178,São João da Barra,BR,-41.05,-21.64,80.6,69,75,5.82,1605281130
179,Sambava,MG,50.17,-14.27,77.0,83,5,6.6,1605281130
180,Muri,IN,85.87,23.37,71.6,73,40,4.7,1605281130
181,Marzuq,YE,46.47,14.4,72.43,35,0,2.53,1605281130
182,Tessalit,ML,1.01,20.2,87.42,12,0,13.0,1605281130
183,Fayaoué,NC,166.53,-20.65,75.51,83,0,9.6,1605281130
184,Ontario,US,-117.65,34.06,48.2,65,1,0.78,1605280852
185,Brewster,US,-73.62,41.4,46.0,93,90,4.7,1605280934
186,Khatanga,RU,102.5,71.97,-13.97,90,49,3.76,1605281131
187,Saint-Augustin,CA,-58.65,51.23,37.36,68,0,14.83,1605281131
188,Longyearbyen,SJ,15.64,78.22,33.8,80,90,23.04,1605281131
189,Kaitangata,NZ,169.85,-46.28,51.64,67,25,8.81,1605281131
190,Mercedes,AR,-59.43,-34.65,82.99,46,23,8.01,1605281131
191,Tura,IN,90.22,25.52,66.31,80,0,3.96,1605281116
192,Takoradze,GH,-1.76,4.88,83.43,74,85,8.1,1605281132
193,Piranshahr,IR,45.14,36.7,44.19,61,0,3.62,1605281132
194,Pecos,US,-103.49,31.42,53.6,49,90,11.41,1605281132
195,Aginskoye,RU,114.53,51.1,24.17,90,60,4.81,1605281132
196,Itarema,BR,-39.92,-2.92,89.35,49,1,18.19,1605281132
197,Tandil,AR,-59.13,-37.32,77.0,54,70,3.0,1605281133
198,South Kazakhstan Region,KZ,68.0,43.0,35.89,71,0,5.06,1605281133
199,‘Āhuimanu,US,-157.84,21.44,75.2,78,75,11.41,1605281133
200,Talnakh,RU,88.4,69.49,-18.4,75,40,8.95,1605281133
201,Nazas,MX,-104.13,25.23,67.66,26,0,3.11,1605281133
202,Bria,CF,21.99,6.54,86.23,50,62,3.38,1605281133
203,Dali,CN,100.18,25.7,52.74,70,4,1.9,1605281133
204,Hasaki,JP,140.83,35.73,48.2,100,20,3.36,1605281134
205,Porto Velho,BR,-63.9,-8.76,86.0,74,75,2.24,1605281134
206,Marystown,CA,-55.15,47.17,46.0,100,100,8.01,1605281134
207,Portland,US,-122.68,45.52,48.2,87,90,19.46,1605280783
208,Jeremoabo,BR,-38.48,-10.07,90.57,38,2,7.58,1605281134
209,Antofagasta,CL,-70.4,-23.65,70.0,63,20,5.82,1605280920
210,Didi Lilo,GE,44.96,41.74,48.2,76,75,2.24,1605281135
211,Tasiilaq,GL,-37.64,65.61,23.0,53,40,3.36,1605281135
212,Louriçal,PT,-8.74,40.0,66.99,63,20,11.41,1605281135
213,Severo-Kuril'sk,RU,156.12,50.68,40.53,82,100,6.13,1605281135
214,Manggar,ID,108.27,-2.88,81.34,76,44,1.52,1605281135
215,Ocós,GT,-92.19,14.51,84.2,88,20,3.33,1605281135
216,Honningsvåg,NO,25.97,70.98,41.34,78,90,22.32,1605281136
217,Podgorenskiy,RU,39.64,50.41,34.3,85,49,2.95,1605281136
218,Lawrenceburg,US,-84.9,38.04,52.0,62,1,4.7,1605281136
219,Hamilton,US,-84.53,39.18,51.01,57,1,9.17,1605281136
220,Madimba,TZ,40.33,-10.4,84.2,70,20,13.87,1605281136
221,Isangel,VU,169.27,-19.55,74.25,83,13,4.72,1605281137
222,Touros,BR,-35.46,-5.2,87.8,55,40,18.34,1605281137
223,Merritt,CA,-120.79,50.11,32.0,93,90,3.36,1605281137
224,Nikolskoye,RU,30.79,59.7,39.2,80,75,4.47,1605281137
225,Caravelas,BR,-39.25,-17.71,84.54,60,61,12.39,1605281137
226,Turaif,SA,38.66,31.67,68.0,49,40,2.24,1605281137
227,Ribeira Grande,PT,-28.7,38.52,68.0,77,20,12.75,1605280846
228,Sistranda,NO,8.83,63.73,44.6,65,0,14.99,1605281138
229,China,MX,-99.23,25.7,78.49,68,2,15.59,1605281138
230,Carlisle,US,-77.19,40.2,48.99,79,63,5.59,1605281137
231,Margate,GB,1.39,51.38,55.0,71,41,4.0,1605281138
232,Waipawa,NZ,175.52,-41.41,57.2,71,0,28.86,1605281138
233,Isla Mujeres,MX,-86.73,21.23,82.4,83,75,5.82,1605281138
234,Kloulklubed,PW,134.26,7.04,78.8,88,75,3.36,1605281138
235,Baijiantan,CN,85.18,45.63,41.61,72,100,6.49,1605281138
236,Tuatapere,NZ,167.68,-46.13,53.58,69,100,6.69,1605281139
237,Vīrarājendrapet,IN,75.8,12.2,75.2,94,75,2.24,1605281139
238,Mossamedes,AO,12.15,-15.2,78.8,69,75,18.34,1605281139
239,Nelson Bay,AU,152.15,-32.72,63.0,93,39,9.17,1605281139
240,Upernavik,GL,-56.15,72.79,14.47,95,100,17.47,1605281139
241,Olafsvik,IS,-23.71,64.89,37.69,83,96,28.63,1605281139
242,Berlevåg,NO,29.09,70.86,39.2,80,0,4.7,1605281139
243,Riyadh,SA,46.72,24.69,77.0,47,0,17.22,1605281092
244,Acapulco de Juárez,MX,-99.89,16.86,82.27,68,19,1.25,1605280938
245,Ilulissat,GL,-51.1,69.22,19.4,67,75,14.99,1605281140
246,Liberty,US,-81.5,31.83,69.01,100,90,3.36,1605281140
247,Aberfoyle,AU,152.02,-30.27,52.88,95,32,10.42,1605281140
248,Bathsheba,BB,-59.52,13.22,87.8,74,40,13.87,1605281140
249,Sandwick,GB,-1.25,60.0,50.0,81,40,21.92,1605281140
250,Broome,US,-75.83,42.25,43.0,93,90,10.29,1605281141
251,Anadyr,RU,177.48,64.75,12.2,78,75,8.95,1605281141
252,Ancud,CL,-73.82,-41.87,61.0,76,75,11.41,1605281141
253,Port Keats,AU,129.55,-14.25,83.88,79,0,8.97,1605281141
254,San Patricio,US,-97.52,28.02,78.8,83,90,9.17,1605281141
255,Stephenville,US,-98.2,32.22,57.99,58,1,10.4,1605281142
256,Porto Tolle,IT,12.32,44.95,55.99,88,83,1.99,1605281142
257,Inhambane,MZ,35.38,-23.86,80.6,47,20,2.24,1605281142
258,Sittwe,MM,92.9,20.15,79.92,78,0,6.17,1605281142
259,La Ronge,CA,-105.28,55.1,10.4,78,43,8.05,1605281142
260,Hobyo,SO,48.53,5.35,80.06,72,0,12.8,1605281142
261,Yumaguzino,RU,56.39,52.9,18.07,96,42,6.73,1605281142
262,Yeppoon,AU,150.73,-23.13,73.4,73,50,5.82,1605281143
263,Gornyak,RU,81.47,50.99,28.76,84,31,7.87,1605281143
264,Henties Bay,NA,14.28,-22.12,66.0,77,10,7.4,1605281143
265,Muros,ES,-9.06,42.78,66.99,65,31,11.01,1605281143
266,Inverell,AU,151.12,-29.78,59.0,87,26,1.01,1605281143
267,Río Gallegos,AR,-69.22,-51.62,60.8,19,75,20.8,1605281144
268,Kimbe,PG,150.14,-5.55,76.44,87,99,3.15,1605281144
269,Yulara,AU,130.99,-25.24,71.6,16,0,5.06,1605281144
270,Tazovsky,RU,78.7,67.47,-4.22,92,76,7.43,1605281144
271,Tigzirt,DZ,4.12,36.89,73.98,43,100,4.56,1605281144
272,Lodja,CD,23.43,-3.48,78.37,73,100,3.36,1605281144
273,Provideniya,RU,-173.3,64.38,22.23,91,89,17.87,1605281145
274,Antiguo Morelos,MX,-99.08,22.55,79.0,68,33,4.0,1605281145
275,Clyde River,CA,-68.59,70.47,6.8,60,1,11.41,1605281145
276,Mahébourg,MU,57.7,-20.41,75.2,83,20,4.7,1605281145
277,Hervey Bay,AU,152.85,-25.3,75.0,76,84,5.99,1605281145
278,Verkhnyaya Inta,RU,60.31,65.98,-4.11,92,42,1.9,1605281146
279,São Filipe,CV,-24.5,14.9,82.08,64,32,8.16,1605281146
280,Capreol,CA,-80.92,46.71,37.0,93,90,5.82,1605281146
281,Bandarbeyla,SO,50.81,9.49,77.54,74,0,12.73,1605281146
282,Dukat,RU,155.55,62.55,-14.24,89,20,1.19,1605281146
283,Tema,GH,-0.02,5.67,86.0,74,20,10.29,1605281146
284,Khani,GE,42.96,41.96,50.0,76,0,2.24,1605281146
285,Praia da Vitória,PT,-27.07,38.73,68.0,77,20,7.0,1605281147
286,Tripoli,LY,13.19,32.88,70.11,52,1,8.57,1605281147
287,Dwārka,IN,68.97,22.24,79.88,59,0,9.46,1605281147
288,Marawi,PH,124.29,8.0,78.01,91,28,1.99,1605281147
289,Savelugu,GH,-0.83,9.62,97.39,15,2,9.4,1605281147
290,Manokwari,ID,134.08,-0.87,80.31,78,41,3.09,1605281148
291,Lichinga,MZ,35.24,-13.31,73.4,69,75,12.75,1605281148
292,Ambulu,ID,113.61,-8.35,78.82,89,98,2.89,1605281148
293,Egvekinot,RU,-179.17,66.32,8.69,92,90,16.51,1605281148
294,Narsaq,GL,-46.05,60.92,21.2,62,20,2.24,1605281148
295,Borogontsy,RU,131.17,62.67,10.92,96,100,5.03,1605281148
296,Vao,NC,167.48,-22.67,73.29,87,15,11.32,1605281149
297,Padang,ID,100.35,-0.95,79.43,80,100,4.23,1605281149
298,Fort-Shevchenko,KZ,50.26,44.51,41.07,68,0,10.31,1605281149
299,Alofi,NU,-169.92,-19.06,73.4,88,99,6.93,1605281149
300,Vila Franca do Campo,PT,-25.43,37.72,66.2,63,20,5.82,1605281150
301,Mayo,US,-76.51,38.89,53.01,93,90,4.7,1605281150
302,Dakar,SN,-17.44,14.69,93.2,34,0,4.7,1605280945
303,Leshukonskoye,RU,45.76,64.9,30.63,99,100,3.83,1605281150
304,Grand Baie,MU,57.58,-20.02,77.0,76,5,5.01,1605281151
305,Mahina,PF,-149.49,-17.51,75.2,83,20,8.05,1605281151
306,Kayerkan,RU,87.76,69.35,-18.4,75,40,8.95,1605281151
307,Norman Wells,CA,-126.83,65.28,1.4,84,75,12.75,1605281151
308,Fort Nelson,CA,-122.7,58.81,-4.0,76,75,2.24,1605281101
309,La Carolina,ES,-3.62,38.28,66.0,50,100,4.16,1605281151
310,Gazojak,TM,61.4,41.19,32.16,83,0,2.3,1605281151
311,Vestmannaeyjar,IS,-20.27,63.44,39.2,75,0,13.87,1605281152
312,Santa Rosa,PH,121.11,14.31,82.4,83,20,4.7,1605281095
313,Kasongo-Lunda,CD,16.82,-6.47,86.02,59,93,2.66,1605281152
314,Kandrian,PG,149.55,-6.22,76.71,89,95,4.34,1605281152
315,Balad,IQ,44.15,34.02,70.88,31,0,10.92,1605281152
316,Port Lincoln,AU,135.87,-34.73,53.15,78,31,2.82,1605281152
317,Karratha,AU,116.85,-20.74,76.15,54,0,16.58,1605281153
318,Gornopravdinsk,RU,69.9,60.05,19.63,97,97,5.19,1605281153
319,Emerald,AU,148.17,-23.53,71.6,94,0,6.93,1605281153
320,Kaitong,CN,123.15,44.81,36.36,61,100,9.48,1605281153
321,Saskylakh,RU,114.08,71.92,-11.0,90,92,1.86,1605281153
322,Tcholliré,CM,14.17,8.4,97.56,21,0,6.73,1605281153
323,Strezhevoy,RU,77.59,60.73,19.4,92,90,2.51,1605281153
324,Ossora,RU,163.07,59.24,19.42,90,23,4.18,1605281154
325,Jalu,LY,21.55,29.03,74.73,44,91,8.66,1605281154
326,Kermanshah,IR,47.06,34.31,53.6,46,0,6.93,1605281154
327,Bridlington,GB,-0.19,54.08,51.8,62,22,12.75,1605281154
328,Ponta Delgada,PT,-25.67,37.73,66.2,63,20,5.82,1605281154
329,Rawlins,US,-107.24,41.79,28.4,42,1,5.82,1605281052
330,Chapleau,CA,-83.4,47.84,30.2,92,90,8.05,1605281155
331,Hastings,GB,0.57,50.86,55.99,55,70,3.0,1605281155
332,Worthington,US,-83.02,40.09,50.0,70,1,10.29,1605281155
333,Galle,LK,80.22,6.04,80.13,81,99,3.0,1605281155
334,Santa Cruz de la Sierra,BO,-63.17,-17.8,80.6,74,75,6.93,1605280911
335,Sabzawār,IR,57.68,36.21,51.8,62,75,6.93,1605281156
336,Kashgar,CN,75.98,39.45,44.6,26,77,4.47,1605281156
337,Port Augusta,AU,137.77,-32.5,59.0,77,75,6.93,1605281156
338,Kérouané,GN,-9.02,9.27,88.77,24,0,7.2,1605281157
339,Sechelt,CA,-123.77,49.47,39.99,95,100,1.01,1605281157
340,Gladstone,AU,151.25,-23.85,73.4,78,75,6.71,1605281157
341,Arlit,NE,7.39,18.74,88.05,12,5,7.96,1605281157
342,Ayan,RU,138.17,56.45,24.03,95,98,6.6,1605281157
343,Kelowna,CA,-119.49,49.88,33.01,92,90,12.75,1605280958
344,Abbeville,FR,1.83,50.1,57.99,81,90,11.12,1605281157
345,Klaksvík,FO,-6.59,62.23,46.4,93,59,23.04,1605281157
346,Kirn,DE,7.45,49.78,54.0,81,97,6.08,1605281158
347,Garachiné,PA,-78.36,8.06,83.59,70,37,7.29,1605281158
348,Antalaha,MG,50.28,-14.9,75.36,85,8,5.61,1605281158
349,Solnechnyy,RU,136.63,50.72,25.61,93,44,5.12,1605281158
350,Bay,US,-84.02,43.73,42.01,86,90,10.29,1605281158
351,Aklavik,CA,-135.01,68.22,-0.4,77,90,5.82,1605281158
352,Kavieng,PG,150.8,-2.57,82.72,72,75,4.59,1605281159
353,Sinnamary,GF,-52.95,5.38,83.73,77,37,9.15,1605281159
354,Langsa,ID,97.97,4.47,76.93,88,100,1.32,1605281159
355,Göksun,TR,36.5,38.02,62.6,33,0,2.24,1605281159
356,Radom,PL,21.15,51.4,44.6,100,40,5.82,1605281159
357,Dakoro,NE,6.76,14.51,90.5,13,0,14.79,1605281159
358,Panguna,PG,155.48,-6.32,68.88,100,76,0.96,1605281159
359,Tadine,NC,167.88,-21.55,72.84,88,19,6.42,1605281159
360,Amoy,CN,118.08,24.48,73.4,56,40,15.66,1605281160
361,Mahon,ES,4.27,39.89,68.0,77,20,8.05,1605281160
362,Kodinsk,RU,99.18,58.69,22.98,94,100,9.69,1605281160
363,Lingao,CN,109.69,19.91,73.13,69,69,11.68,1605281160
364,Muisne,EC,-80.03,0.6,80.6,74,20,8.05,1605281160
365,Preston,GB,-2.72,53.77,51.8,76,20,14.99,1605281160
366,Dawlatabad,AF,64.91,36.41,48.22,40,98,7.61,1605281160
367,Prince George,CA,-122.75,53.92,21.99,92,20,2.24,1605280961
368,Te Anau,NZ,167.72,-45.42,53.6,69,100,9.26,1605281161
369,Bubaque,GW,-15.83,11.28,83.55,51,0,6.33,1605281161
370,Half Moon Bay,US,-122.43,37.46,48.99,87,40,3.36,1605281031
371,Hartford,US,-72.77,41.77,43.0,87,90,8.05,1605280936
372,Great Bend,US,-98.76,38.36,37.99,92,1,5.82,1605281161
373,Khandyga,RU,135.6,62.67,11.23,95,100,4.25,1605281161
374,Tank,PK,70.38,32.22,74.66,20,99,5.99,1605281162
375,Port Hawkesbury,CA,-61.35,45.62,46.0,65,20,8.05,1605281162
376,Poso,ID,120.75,-1.4,79.3,78,12,4.94,1605281162
377,Meridian,US,-116.39,43.61,41.0,44,90,13.87,1605281162
378,Flinders,AU,150.86,-34.58,63.0,88,4,1.01,1605281162
379,Montrose,US,-108.27,38.42,33.01,60,15,3.56,1605281162
380,Tilichiki,RU,166.1,60.47,6.58,91,39,6.91,1605281163
381,Ballina,AU,153.57,-28.87,69.8,77,11,5.82,1605281163
382,Lüderitz,NA,15.16,-26.65,64.98,72,2,7.87,1605281163
383,Loralai,PK,68.6,30.37,57.36,36,24,5.61,1605281163
384,Lavrentiya,RU,-171.0,65.58,24.37,92,14,25.61,1605281163
385,Pilar,BR,-35.96,-9.6,86.0,62,75,16.11,1605280988
386,Tarauacá,BR,-70.77,-8.16,92.62,46,76,2.84,1605281163
387,Durango,MX,-104.83,24.83,60.15,32,0,4.34,1605280880
388,Puerto del Rosario,ES,-13.86,28.5,71.6,78,20,6.93,1605281163
389,Harar,ET,42.13,9.31,64.99,34,5,14.61,1605281164
390,Meulaboh,ID,96.13,4.14,78.93,85,100,2.13,1605281164
391,Mahanje,TZ,35.33,-9.93,74.93,69,83,4.05,1605281164
392,Braintree,GB,0.55,51.88,54.0,78,91,1.01,1605281164
393,Hualmay,PE,-77.61,-11.1,69.04,67,97,11.03,1605281164
394,Labuan,MY,115.24,5.28,82.4,83,40,3.36,1605281164
395,Port Hardy,CA,-127.42,50.7,41.0,93,75,2.24,1605281165
396,Launceston,AU,147.17,-41.45,51.8,81,90,12.75,1605281165
397,Limbe,CM,9.21,4.02,82.4,76,79,10.42,1605281165
398,Ciudad Darío,NI,-86.12,12.73,69.8,88,40,1.34,1605281165
399,Mingyue,CN,128.92,43.11,30.76,90,0,2.39,1605281165
400,Agboville,CI,-4.21,5.93,87.1,62,73,1.36,1605281165
401,Orlik,RU,99.83,52.52,19.63,92,100,4.43,1605281165
402,Sioux Lookout,CA,-91.92,50.1,17.6,78,75,11.41,1605281165
403,Alugan,PH,125.48,12.22,81.25,83,3,5.12,1605281166
404,Mocuba,MZ,36.99,-16.84,80.26,54,76,10.47,1605281166
405,Balangiga,PH,125.39,11.11,80.29,86,2,7.72,1605281166
406,Ranong,TH,98.63,9.97,78.03,85,70,8.23,1605281166
407,Matagami,CA,-77.63,49.75,33.8,100,90,8.05,1605281166
408,Port Moresby,PG,147.18,-9.44,77.0,83,20,5.82,1605281148
409,Talcahuano,CL,-73.12,-36.72,62.6,63,75,11.41,1605281167
410,Edd,ER,41.69,13.93,84.06,57,2,11.32,1605281167
411,Juba,SS,31.58,4.85,86.83,47,64,4.09,1605281167
412,Rabo de Peixe,PT,-25.58,37.8,66.2,63,20,5.82,1605281167
413,Esso,RU,158.7,55.93,12.13,85,81,2.8,1605281167
414,Pachino,IT,15.09,36.72,68.0,74,100,1.01,1605281167
415,Cap Malheureux,MU,57.61,-19.98,77.0,76,5,5.01,1605281167
416,Susanville,US,-120.65,40.42,41.0,60,40,9.17,1605281168
417,Sorong,ID,131.25,-0.88,80.98,81,37,4.14,1605281168
418,Le Pont-de-Claix,FR,5.71,45.12,51.01,77,100,2.39,1605281168
419,Kurchum,KZ,83.65,48.57,29.61,77,0,4.94,1605281168
420,Mongoumba,CF,18.59,3.64,88.03,49,5,5.03,1605281168
421,Balkhash,KZ,74.98,46.84,31.39,84,61,6.46,1605281168
422,Hofn,IS,-15.21,64.25,41.0,93,90,9.17,1605281169
423,Fortuna,US,-124.16,40.6,53.01,93,75,26.4,1605281169
424,Kudahuvadhoo,MV,72.89,2.67,81.52,83,100,15.37,1605281169
425,Finschhafen,PG,147.87,-6.6,79.7,78,68,1.63,1605281169
426,Lagoa,PT,-27.98,39.05,64.62,80,100,12.97,1605281169
427,Coahuayana Viejo,MX,-103.68,18.73,81.09,69,22,1.52,1605281169
428,Newark,US,-74.17,40.74,50.0,93,90,9.17,1605280927
429,Codrington,AU,141.97,-38.27,48.87,93,31,6.35,1605281169
430,Inta,RU,60.17,66.03,-4.5,92,39,1.72,1605281170
431,Ucluelet,CA,-125.55,48.93,44.01,100,90,6.93,1605281016
432,Rafai,CF,23.92,4.95,85.23,50,1,2.86,1605281170
433,Sémbé,CG,14.58,1.65,88.47,51,91,1.72,1605281170
434,Faya,SA,42.45,18.39,68.0,77,20,9.17,1605281171
435,Pará de Minas,BR,-44.61,-19.86,82.4,65,75,5.82,1605281171
436,Coromandel,BR,-47.2,-18.47,80.82,60,65,5.46,1605281171
437,Menongue,AO,17.69,-14.66,79.61,52,95,4.9,1605281171
438,Iquitos,PE,-73.25,-3.75,84.2,74,40,3.36,1605281171
439,Kendari,ID,122.5,-3.94,79.39,81,69,3.18,1605281171
440,Samarai,PG,150.67,-10.62,77.67,77,10,3.15,1605281171
441,Beyneu,KZ,55.2,45.32,36.0,78,96,10.49,1605281171
442,Neiafu,TO,-173.98,-18.65,77.0,88,40,5.82,1605281172
443,Deputatsky,RU,139.9,69.3,-18.76,89,23,1.7,1605281172
444,Salta,AR,-65.41,-24.79,78.8,54,40,8.05,1605281172
445,Dingle,PH,122.67,11.0,77.23,88,0,4.85,1605281172
446,Tonantins,BR,-67.8,-2.87,90.55,59,91,1.74,1605281172
447,Ekibastuz,KZ,75.37,51.67,26.56,87,98,11.65,1605281172
448,Sur,OM,59.53,22.57,75.22,62,0,6.78,1605281173
449,São Félix do Xingu,BR,-51.99,-6.64,95.05,39,51,3.49,1605281173
450,Bereket,TM,55.52,39.24,47.07,50,0,5.19,1605281173
451,Ţahţā,EG,31.5,26.77,78.8,29,0,12.75,1605281173
452,Vardø,NO,31.11,70.37,37.4,77,0,28.86,1605281173
453,Eyl,SO,49.82,7.98,78.94,73,29,17.43,1605281174
454,George Town,MY,100.34,5.41,78.8,94,40,8.05,1605281174
455,Gimli,CA,-96.99,50.63,17.6,78,90,17.22,1605281174
456,Bintulu,MY,113.03,3.17,80.01,94,20,3.36,1605281174
457,Richards Bay,ZA,32.04,-28.78,75.99,66,0,13.91,1605281114
458,Hailin,CN,129.42,44.58,29.52,90,0,3.06,1605281174
459,Ust-Tsilma,RU,52.15,65.44,14.22,94,0,2.62,1605281174
460,Catuday,PH,119.81,16.29,79.72,86,88,9.06,1605281175
461,Codó,BR,-43.89,-4.46,95.25,43,84,4.16,1605281175
462,Paciran,ID,112.38,-6.88,83.89,76,100,5.41,1605281175
463,Kiryat Gat,IL,34.76,31.61,75.99,59,30,8.99,1605281175
464,Nabire,ID,135.48,-3.37,77.5,88,64,2.68,1605281175
465,Comodoro Rivadavia,AR,-67.5,-45.87,71.6,35,0,14.99,1605281175
466,Fairbanks,US,-147.72,64.84,12.2,85,90,1.12,1605281153
467,Altamira,BR,-52.21,-3.2,89.6,59,75,8.05,1605281176
468,Vilhena,BR,-60.15,-12.74,84.2,66,40,8.05,1605281176
469,Stornoway,GB,-6.39,58.21,48.0,75,40,24.16,1605281176
470,Arrondissement de Saint-Denis,FR,2.33,48.92,60.01,77,0,8.05,1605280913
471,Bragança,BR,-46.77,-1.05,89.56,58,39,6.31,1605281176
472,Tocopilla,CL,-70.2,-22.09,69.04,49,12,6.71,1605281176
473,Puerto Escondido,MX,-97.07,15.85,83.28,64,0,2.82,1605281176
474,Corozal,CO,-75.29,9.32,80.94,83,19,10.09,1605281176
475,Charter Township of Clinton,US,-82.92,42.59,46.4,87,75,5.82,1605281009
476,Kotelnikowo,RU,43.15,47.63,36.16,78,0,3.24,1605281177
477,Manali,IN,80.27,13.17,82.4,94,40,5.82,1605281177
478,Ishigaki,JP,124.16,24.34,73.71,79,100,28.59,1605281177
479,Mangan,IN,88.53,27.52,63.25,28,0,5.17,1605281177
480,Nan,TH,100.67,18.83,68.77,83,0,0.96,1605280950
481,Mehamn,NO,27.85,71.04,39.2,80,0,4.7,1605281177
482,Cairns,AU,145.77,-16.92,73.99,88,40,0.58,1605281068
483,Port Hueneme,US,-119.2,34.15,44.6,56,1,5.82,1605281178
484,Havelock,US,-76.9,34.88,64.0,93,90,10.29,1605281178
485,Chernyshevskiy,RU,112.47,63.01,11.07,97,100,2.21,1605281178
486,Perūr,IN,76.9,10.97,75.2,88,75,3.36,1605281178
487,Paamiut,GL,-49.67,61.99,27.86,92,100,22.79,1605280888
488,Oriximiná,BR,-55.87,-1.77,94.08,43,97,5.55,1605281178
489,Newport,GB,-3.0,51.59,53.01,84,100,1.01,1605280957
490,Verāval,IN,70.37,20.9,79.57,56,0,4.21,1605281179
491,Ocampo,MX,-101.5,21.65,61.84,65,1,2.93,1605281179
492,Zhigansk,RU,123.37,66.77,10.06,96,96,8.46,1605281179
493,Magdagachi,RU,125.8,53.45,17.29,96,81,2.06,1605281179
494,Quatre Cocos,MU,57.76,-20.21,77.0,83,20,4.7,1605281179
495,Aktas,KZ,72.96,49.78,17.6,85,75,11.18,1605281179
496,Port-Cartier,CA,-66.87,50.03,37.4,59,75,3.36,1605281179
497,Goma,CD,29.22,-1.68,71.17,77,70,2.73,1605281180
498,Kroya,ID,109.25,-7.63,80.69,82,82,4.03,1605281180
499,Umm Bāb,QA,50.81,25.21,86.0,33,1,8.05,1605281180
500,Sedalia,US,-93.23,38.7,32.0,80,1,3.36,1605281180
501,Semey,KZ,80.23,50.41,19.4,92,40,6.71,1605281055
502,San Cristobal,VE,-72.22,7.77,78.8,78,40,6.93,1605281180
503,Maningrida,AU,134.27,-12.07,81.9,75,2,5.32,1605281180
504,Russell,US,-85.2,32.35,64.0,82,20,5.82,1605281181
505,Korsakov,RU,142.78,46.63,35.6,93,75,14.72,1605281181
506,The Valley,AI,-63.06,18.22,86.0,74,40,16.11,1605281181
507,Tairua,NZ,175.85,-37.02,55.08,86,11,4.59,1605281181
508,Dostpur,IN,82.47,26.28,75.47,43,0,4.79,1605281181
509,Manaia,NZ,174.13,-39.55,53.01,83,47,3.0,1605281181
510,Waynesville,US,-82.99,35.49,59.0,35,0,1.01,1605281182
511,Tarko-Sale,RU,77.78,64.92,-18.0,79,12,6.44,1605281182
512,Sandakan,MY,118.12,5.84,80.6,94,20,3.69,1605281182
513,Santo Antônio do Içá,BR,-67.94,-3.1,87.46,69,90,1.99,1605281182
514,Gigmoto,PH,124.39,13.78,80.89,85,34,5.1,1605281182
515,St. George's,GD,-61.75,12.06,86.0,74,20,23.04,1605281182
516,Scarborough,GB,-0.4,54.28,50.0,74,0,4.0,1605281182
517,Safi,MA,-9.24,32.3,67.37,73,98,5.41,1605281098
518,Biak,ID,122.88,-0.91,79.59,80,33,2.84,1605281183
519,Kutum,SD,24.67,14.2,80.26,16,14,12.21,1605281183
520,Svetlaya,RU,138.33,46.54,34.59,78,36,12.19,1605281183
521,Flateby,NO,11.17,59.83,43.0,95,94,4.97,1605281183
522,North Platte,US,-100.77,41.12,32.0,64,1,9.17,1605281183
523,Kaihua,CN,104.28,23.37,51.94,69,0,1.72,1605281184
524,Sheikhpura,IN,85.85,25.15,76.68,47,0,3.87,1605281184
525,Ca Mau,VN,105.15,9.18,76.55,86,100,1.57,1605281184
526,Haines Junction,CA,-137.51,60.75,12.2,92,100,1.12,1605281184
527,Honiara,SB,159.95,-9.43,75.2,100,75,4.7,1605281184
528,Broken Hill,AU,141.43,-31.95,60.8,41,0,5.82,1605281184
529,Rajshahi,BD,88.6,24.37,76.23,52,0,5.95,1605281184
530,Beldānga,IN,88.25,23.93,77.18,52,0,5.86,1605281184
531,Qaqortoq,GL,-46.03,60.72,21.2,62,20,2.24,1605281185
532,Sikasso,ML,-7.0,10.92,94.75,15,0,7.27,1605281185
533,Road Town,VG,-64.62,18.42,84.2,70,20,17.22,1605281185
534,Bela Palanka,RS,22.31,43.22,50.0,81,0,5.82,1605281186
535,Pangai,TO,-174.35,-19.8,77.58,83,97,14.7,1605281186
536,Grindavik,IS,-22.43,63.84,39.2,86,75,14.99,1605281186
537,San Quintín,MX,-115.95,30.48,58.77,70,0,1.99,1605281186
538,Mil'kovo,RU,158.62,54.72,23.4,89,93,1.52,1605281186
539,Rocha,UY,-54.33,-34.48,74.05,65,20,11.12,1605281186
540,Basco,PH,121.97,20.45,77.74,87,98,18.61,1605281186
541,Sarlat-la-Canéda,FR,1.22,44.89,63.0,70,100,1.01,1605281186
542,Omboué,GA,9.26,-1.57,79.21,83,100,5.14,1605281187
543,Ambunti,PG,142.84,-4.24,74.82,98,42,2.08,1605281187
544,Sibolga,ID,98.78,1.74,78.55,83,100,2.68,1605281187
545,George,ZA,22.46,-33.96,75.2,47,0,10.29,1605281187
546,Bukama,CD,25.85,-9.2,89.26,48,28,4.61,1605281187
547,Raška,RS,20.62,43.29,53.6,87,40,1.12,1605281187
548,Taoudenni,ML,-3.98,22.68,91.29,11,1,9.04,1605281187
549,Hambantota,LK,81.12,6.12,75.2,100,75,10.29,1605281188
550,Xiaoshan,CN,120.26,30.17,59.0,87,0,4.47,1605281188
551,Hyères,FR,6.12,43.12,60.8,93,90,5.82,1605281188
552,Ixtapa,MX,-105.2,20.7,77.0,78,27,2.37,1605281188
553,Saint-François,FR,3.91,46.42,62.6,59,0,2.24,1605281188
554,Umba,RU,34.34,66.69,37.9,91,100,10.04,1605281188
555,Adrar,MR,-10.07,20.5,88.59,13,98,9.1,1605281188
556,San Andrés,CO,-81.7,12.58,86.0,79,40,5.82,1605281189
557,Turki,RU,43.27,51.99,29.91,96,0,5.88,1605281189
558,Morwell,AU,146.4,-38.23,55.99,87,95,1.66,1605281189
559,Zhezkazgan,KZ,67.71,47.8,25.23,92,89,8.21,1605281189
560,Porbandar,IN,69.61,21.64,81.84,43,0,7.0,1605281189
561,Wajima,JP,136.9,37.4,56.16,58,0,13.27,1605281189
562,Catia La Mar,VE,-67.03,10.6,84.2,74,20,5.82,1605281189
563,Sørland,NO,12.69,67.67,46.4,75,0,9.17,1605281190
564,Kasongo,CD,26.67,-4.45,77.29,79,70,4.52,1605281190
565,Stromness,GB,-3.3,58.97,48.2,76,20,21.92,1605281190
566,Verkhnevilyuysk,RU,120.32,63.45,13.57,97,74,3.53,1605281190
567,Nizhniy Kuranakh,RU,125.49,58.84,12.6,92,0,3.89,1605281190
568,Kamenka,RU,42.77,51.32,32.0,90,0,4.99,1605281190
569,Matara,LK,80.54,5.95,78.91,86,97,5.75,1605281190
570,Ōdachō-ōda,JP,132.5,35.18,55.31,76,0,4.65,1605281191
571,Katangli,RU,143.23,51.71,32.2,96,100,12.93,1605281191
572,Grand Gaube,MU,57.66,-20.01,77.0,76,5,5.01,1605281191
573,La Rioja,ES,-2.5,42.25,50.0,93,90,3.36,1605281191
574,Mardin,TR,40.74,37.31,68.0,24,0,5.95,1605281071
575,Amurzet,RU,131.1,47.7,28.74,92,0,8.59,1605281191
576,Killybegs,IE,-8.45,54.63,50.0,76,40,11.41,1605281192
577,Zarand,IR,56.56,30.81,52.65,68,100,8.25,1605281192
578,Halifax,CA,-63.57,44.65,45.0,81,90,10.29,1605281141
579,Palmer,US,-72.33,42.16,42.01,100,90,6.93,1605281192
580,Hope,US,-93.59,33.67,60.01,57,73,5.99,1605281192
581,San Matías,BO,-58.4,-16.37,97.16,36,99,3.83,1605281192
582,Ruwi,OM,58.55,23.6,80.6,69,0,6.93,1605281192
583,Viedma,AR,-63.0,-40.81,75.0,60,100,3.0,1605281122
584,Pyaozerskiy,RU,31.17,65.83,35.87,90,100,8.55,1605281193
